INSERT INTO TARGET VALUES(1, 'NEW');
INSERT INTO TARGET VALUES(2, 'FREQUENT');
INSERT INTO TARGET VALUES(3, 'PREMIUM');

INSERT INTO USER_TABLE (ID,TARGET)
VALUES
  (1,2),
  (2,1),
  (3,2),
  (4,2),
  (5,2),
  (6,1),
  (7,2),
  (8,1),
  (9,1),
  (10,2),
  (11,3),
  (12,2),
  (13,1),
  (14,2),
  (15,2),
  (16,2),
  (17,3),
  (18,3),
  (19,2),
  (20,3),
  (21,1),
  (22,1),
  (23,3),
  (24,3),
  (25,1),
  (26,1),
  (27,2),
  (28,2),
  (29,3),
  (30,3),
  (31,2),
  (32,1),
  (33,2),
  (34,2),
  (35,1),
  (36,3),
  (37,2),
  (38,3),
  (39,1),
  (40,1),
  (41,1),
  (42,2),
  (43,2),
  (44,2),
  (45,3),
  (46,2),
  (47,2),
  (48,2),
  (49,2),
  (50,2);
INSERT INTO USER_TABLE (ID,TARGET)
VALUES
  (51,2),
  (52,2),
  (53,2),
  (54,2),
  (55,3),
  (56,1),
  (57,1),
  (58,1),
  (59,1),
  (60,2),
  (61,1),
  (62,2),
  (63,2),
  (64,2),
  (65,1),
  (66,2),
  (67,2),
  (68,3),
  (69,3),
  (70,1),
  (71,2),
  (72,1),
  (73,2),
  (74,2),
  (75,2),
  (76,2),
  (77,3),
  (78,2),
  (79,2),
  (80,3),
  (81,2),
  (82,2),
  (83,2),
  (84,3),
  (85,2),
  (86,1),
  (87,1),
  (88,1),
  (89,2),
  (90,1),
  (91,3),
  (92,2),
  (93,1),
  (94,2),
  (95,2),
  (96,2),
  (97,2),
  (98,2),
  (99,1),
  (100,1);

INSERT INTO LOAN (ID,AMOUNT,CREATION_DATE,INSTALLMENT,TERM,USER_LOAN)
VALUES
  (1,'815341.33','2021-02-20','15572.06',40,35),
  (2,'2739450.92','2020-03-01','10058.40',33,86),
  (3,'4178111.58','2022-08-04','22348.87',16,46),
  (4,'1630868.97','2021-02-04','18455.56',40,52),
  (5,'1988549.53','2022-03-12','27587.62',24,7),
  (6,'3760923.55','2021-09-27','26496.73',26,15),
  (7,'1391761.47','2021-04-06','8590.91',3,44),
  (8,'333382.48','2021-05-20','11231.01',10,18),
  (9,'4168024.68','2022-06-11','9451.82',1,20),
  (10,'1139460.86','2021-12-23','10422.60',42,43),
  (11,'858933.64','2021-11-03','27356.83',46,26),
  (12,'638120.11','2021-08-20','12980.70',10,41),
  (13,'2907074.88','2020-02-18','22961.29',21,52),
  (14,'3487820.64','2021-06-13','24850.38',41,95),
  (15,'1039082.35','2022-07-03','18633.15',27,89),
  (16,'378108.73','2020-03-07','25376.91',23,71),
  (17,'4258597.33','2022-03-08','11901.12',2,38),
  (18,'3052592.17','2022-01-14','28473.75',20,69),
  (19,'1493626.43','2022-08-14','14368.62',26,34),
  (20,'1183103.47','2020-11-19','29431.65',44,23),
  (21,'3273434.40','2022-02-20','14749.40',30,20),
  (22,'2531230.81','2021-12-17','18359.11',44,22),
  (23,'4730085.36','2022-06-27','23671.12',47,35),
  (24,'1204250.49','2022-09-23','20139.99',13,78),
  (25,'3113067.15','2020-05-13','7368.34',16,52),
  (26,'545094.41','2021-09-18','12821.56',8,32),
  (27,'2405180.39','2020-01-10','7440.33',2,7),
  (28,'2592819.70','2022-06-19','25052.90',8,12),
  (29,'1562689.12','2021-07-19','29018.33',15,19),
  (30,'950954.88','2021-07-13','29285.77',7,62),
  (31,'3611165.63','2021-12-05','15682.47',14,80),
  (32,'1584293.89','2021-05-28','26530.71',27,80),
  (33,'4775468.35','2020-10-27','24881.88',25,65),
  (34,'4015767.78','2022-02-17','21470.71',17,85),
  (35,'1682316.95','2022-07-01','10559.61',41,96),
  (36,'2312821.04','2021-04-30','19818.44',21,64),
  (37,'1498000.02','2020-03-28','16506.94',20,31),
  (38,'2863847.55','2021-04-22','10632.05',5,16),
  (39,'4834507.40','2020-02-27','6140.71',41,67),
  (40,'879104.43','2020-03-06','14497.51',37,51),
  (41,'1345719.84','2022-07-31','7562.51',7,14),
  (42,'1763431.85','2021-06-19','27094.99',36,59),
  (43,'2701441.27','2022-08-24','14755.82',45,50),
  (44,'3282948.11','2022-07-28','22359.37',38,98),
  (45,'4663347.67','2020-09-25','7552.86',40,11),
  (46,'991614.55','2022-06-12','25060.19',18,70),
  (47,'4547365.66','2020-12-09','29171.00',3,11),
  (48,'4079378.07','2021-06-26','22487.37',48,72),
  (49,'2155113.41','2020-07-16','11261.44',44,89),
  (50,'2022926.12','2020-01-20','17640.65',12,27);
INSERT INTO LOAN (ID,AMOUNT,CREATION_DATE,INSTALLMENT,TERM,USER_LOAN)
VALUES
  (51,'3130780.11','2020-08-22','29500.03',8,6),
  (52,'1028076.64','2020-05-18','7524.15',32,67),
  (53,'510248.30','2022-05-02','8793.62',40,72),
  (54,'4398780.10','2022-05-28','25414.91',10,88),
  (55,'4883372.52','2021-06-29','26501.51',1,43),
  (56,'1376693.79','2020-09-24','5326.24',40,12),
  (57,'1648524.92','2022-06-27','25688.52',11,18),
  (58,'3079382.46','2022-07-02','16590.71',9,26),
  (59,'2928489.32','2020-01-17','18185.15',15,10),
  (60,'1538822.82','2020-11-09','13900.07',23,55),
  (61,'1259528.63','2020-12-26','29623.65',44,30),
  (62,'891344.75','2020-06-26','26845.61',41,70),
  (63,'3786046.89','2022-09-23','24336.50',14,23),
  (64,'1201527.30','2020-09-30','15163.68',35,91),
  (65,'2126053.29','2021-12-22','6712.31',9,4),
  (66,'1400009.71','2020-05-27','16476.16',7,4),
  (67,'4536920.55','2020-07-15','26452.79',21,67),
  (68,'331566.42','2022-09-01','28676.67',18,97),
  (69,'3537654.95','2022-03-24','22683.08',34,32),
  (70,'902510.07','2020-02-25','11504.95',37,7),
  (71,'639253.50','2022-01-13','8695.19',11,94),
  (72,'4182744.33','2021-05-04','6385.99',7,80),
  (73,'2340592.66','2022-08-29','20145.13',21,63),
  (74,'1622137.58','2021-05-25','8538.50',5,79),
  (75,'115373.07','2022-05-23','11919.34',13,10),
  (76,'3316810.43','2021-07-23','20742.81',9,95),
  (77,'831868.19','2021-10-30','24319.83',46,92),
  (78,'2646162.51','2022-05-04','21117.51',39,45),
  (79,'304952.17','2020-09-04','17688.56',42,90),
  (80,'2546647.00','2020-11-03','25147.91',6,56),
  (81,'1328832.16','2022-03-24','29892.45',2,67),
  (82,'4782209.00','2020-03-05','5623.46',9,49),
  (83,'4689828.35','2020-02-15','23847.22',22,73),
  (84,'475222.87','2020-03-20','27114.41',29,14),
  (85,'1196273.60','2021-03-02','20083.80',12,23),
  (86,'1304334.26','2021-10-07','9168.20',33,46),
  (87,'860498.50','2020-05-09','10070.33',34,59),
  (88,'3086181.45','2020-02-02','11867.89',46,83),
  (89,'3041407.63','2021-03-12','29242.53',26,63),
  (90,'2785971.24','2021-07-18','17949.19',38,69),
  (91,'3062320.16','2021-06-16','29255.36',27,15),
  (92,'3035313.98','2020-04-30','19535.08',28,64),
  (93,'2933670.03','2020-01-17','27987.38',8,90),
  (94,'919061.83','2022-08-27','24477.38',16,96),
  (95,'1491587.70','2021-12-14','16111.04',24,1),
  (96,'149308.27','2020-11-01','13939.55',3,51),
  (97,'4271837.23','2022-09-10','8692.55',16,95),
  (98,'893239.77','2021-01-06','22726.79',22,27),
  (99,'2139282.44','2020-07-17','20418.64',45,73),
  (100,'3076081.02','2021-12-27','24545.55',42,50);
INSERT INTO LOAN (ID,AMOUNT,CREATION_DATE,INSTALLMENT,TERM,USER_LOAN)
VALUES
  (101,'4557325.95','2022-07-01','27084.10',21,48),
  (102,'4157873.80','2021-05-16','23064.15',10,49),
  (103,'1309032.82','2020-02-25','8933.47',15,35),
  (104,'685832.24','2020-01-29','15809.02',44,89),
  (105,'4330011.34','2020-03-28','17790.19',29,67),
  (106,'793650.78','2021-06-08','8657.29',13,89),
  (107,'1209138.00','2022-08-14','13926.20',8,62),
  (108,'1625690.03','2021-01-29','21884.44',23,56),
  (109,'4088221.77','2020-05-19','26845.65',19,92),
  (110,'2637230.22','2020-09-20','12143.00',30,66),
  (111,'1101140.89','2021-01-19','27228.70',46,71),
  (112,'1355728.79','2022-06-15','25858.37',27,59),
  (113,'2646544.80','2021-05-14','10282.27',45,35),
  (114,'3065612.34','2021-02-26','26315.29',41,84),
  (115,'987108.02','2020-11-16','27929.85',7,44),
  (116,'2449925.13','2021-07-12','29632.52',5,2),
  (117,'699046.26','2021-09-25','11735.75',25,19),
  (118,'3987785.32','2022-01-29','11627.34',33,41),
  (119,'4889565.01','2021-12-11','29766.85',35,33),
  (120,'3813080.01','2022-08-28','14693.28',44,13),
  (121,'3783222.45','2021-03-05','8682.23',21,6),
  (122,'4257983.35','2021-09-02','9631.63',48,86),
  (123,'3756774.42','2020-09-06','24349.00',44,78),
  (124,'2559420.27','2022-03-19','26198.61',40,86),
  (125,'4040857.69','2022-06-24','24010.26',38,51),
  (126,'900486.02','2021-07-20','9377.07',2,92),
  (127,'3633414.17','2022-02-16','16222.58',25,98),
  (128,'234396.07','2021-02-21','6493.70',31,62),
  (129,'2714668.87','2022-03-12','20155.47',14,22),
  (130,'2347274.33','2021-02-12','21747.52',32,82),
  (131,'1015962.75','2021-08-21','22049.41',28,14),
  (132,'3818178.99','2020-12-21','15127.14',48,3),
  (133,'4187503.29','2021-02-19','15581.79',37,51),
  (134,'1580943.17','2022-02-23','26727.11',45,19),
  (135,'2528055.78','2021-11-11','23446.89',40,17),
  (136,'734691.75','2021-02-24','17321.04',30,46),
  (137,'1063056.14','2020-08-07','17756.92',7,82),
  (138,'3616213.02','2021-05-07','20048.80',46,29),
  (139,'3301709.81','2020-05-03','14788.90',3,2),
  (140,'1570896.99','2022-05-09','8974.91',11,68),
  (141,'3216889.65','2020-04-28','9252.76',11,76),
  (142,'907151.43','2021-12-27','20972.92',46,55),
  (143,'3923741.27','2021-02-12','23953.70',37,73),
  (144,'3904387.13','2022-05-29','6297.20',25,7),
  (145,'4571653.66','2022-05-05','7102.67',46,19),
  (146,'574075.18','2021-10-18','15110.72',3,65),
  (147,'2312019.96','2021-06-22','7548.79',21,18),
  (148,'3765348.13','2021-02-04','10989.97',36,32),
  (149,'2344014.64','2021-08-28','12851.45',9,87),
  (150,'1592009.40','2021-10-17','10074.27',16,54);
INSERT INTO LOAN (ID,AMOUNT,CREATION_DATE,INSTALLMENT,TERM,USER_LOAN)
VALUES
  (151,'457663.92','2022-04-04','20956.53',22,74),
  (152,'2161943.04','2022-03-30','27489.78',4,81),
  (153,'526480.81','2020-08-01','18953.70',18,67),
  (154,'2932501.70','2020-08-02','13247.93',47,3),
  (155,'2184502.07','2021-07-13','6919.64',16,38),
  (156,'1076193.72','2020-09-20','25165.88',26,55),
  (157,'1850251.36','2022-07-05','28865.13',4,76),
  (158,'802173.90','2022-01-02','13135.12',30,53),
  (159,'3887236.81','2022-04-25','5193.30',37,58),
  (160,'2103831.44','2022-01-24','27338.33',22,2),
  (161,'3245725.14','2020-01-26','14834.12',45,62),
  (162,'3399647.63','2020-11-07','22856.54',33,14),
  (163,'790974.66','2022-03-17','27607.69',16,30),
  (164,'1461361.05','2020-07-30','23280.44',23,87),
  (165,'664541.14','2021-03-22','5424.89',38,44),
  (166,'3170584.41','2021-10-25','7485.23',8,78),
  (167,'1338470.34','2021-10-22','11059.12',35,5),
  (168,'2846645.22','2020-03-08','15565.96',18,54),
  (169,'3638794.65','2021-12-04','29118.25',14,76),
  (170,'1170489.47','2021-03-17','22441.50',25,84),
  (171,'3974669.22','2021-09-20','15324.79',2,43),
  (172,'1937393.96','2020-12-28','18120.72',30,82),
  (173,'2080788.30','2020-01-08','28021.33',14,44),
  (174,'1990585.75','2020-10-28','18682.40',32,83),
  (175,'2109356.05','2020-02-22','17272.37',37,28),
  (176,'453251.97','2021-10-02','9634.63',21,49),
  (177,'1358811.89','2020-02-23','15305.53',37,20),
  (178,'2490438.25','2022-08-15','11731.14',11,65),
  (179,'1872589.02','2020-04-03','16476.29',30,19),
  (180,'3290404.13','2021-05-18','24273.65',45,96),
  (181,'3034324.28','2021-06-11','14781.90',20,65),
  (182,'2539281.41','2020-06-07','18599.10',19,16),
  (183,'4237895.32','2022-03-20','17282.35',16,38),
  (184,'3088251.83','2021-07-13','13773.10',21,73),
  (185,'1130689.14','2022-03-09','12895.15',11,86),
  (186,'4651463.84','2022-05-18','8704.53',14,45),
  (187,'2244458.13','2021-12-21','9344.44',15,62),
  (188,'1934528.39','2022-06-23','16237.52',43,22),
  (189,'961183.51','2022-01-09','25494.31',11,16),
  (190,'3733491.10','2020-11-10','23898.55',33,8),
  (191,'3043908.41','2020-10-19','12922.45',46,85),
  (192,'358898.25','2020-02-28','18657.77',16,41),
  (193,'1615282.55','2021-11-13','26645.20',11,57),
  (194,'2174514.77','2021-09-01','28666.51',43,7),
  (195,'3220549.34','2021-01-30','5326.61',34,74),
  (196,'4181174.14','2020-10-29','27380.61',23,44),
  (197,'3782045.03','2022-09-21','27258.90',6,5),
  (198,'1405864.18','2021-04-05','11382.42',6,72),
  (199,'1526570.44','2020-07-26','18498.98',2,52),
  (200,'772809.88','2020-09-12','25858.65',3,55);
INSERT INTO LOAN (ID,AMOUNT,CREATION_DATE,INSTALLMENT,TERM,USER_LOAN)
VALUES
  (201,'4808627.54','2021-01-01','20807.94',35,68),
  (202,'2912255.49','2022-08-09','20112.56',2,28),
  (203,'3837452.82','2021-06-08','27026.17',21,61),
  (204,'3191082.08','2020-07-19','10760.66',10,77),
  (205,'2321061.21','2020-12-06','15501.28',13,92),
  (206,'2750573.55','2022-02-19','9814.82',5,84),
  (207,'2272144.67','2020-05-21','13120.68',24,7),
  (208,'3113089.24','2022-04-18','29468.70',36,88),
  (209,'3820551.28','2021-09-11','9317.19',25,62),
  (210,'1481400.74','2021-03-07','17930.12',18,55),
  (211,'1048565.58','2022-06-01','18149.88',8,30),
  (212,'3784742.56','2021-08-11','11865.78',3,77),
  (213,'2229225.45','2022-03-11','17871.63',40,65),
  (214,'234896.75','2022-03-16','25070.37',46,57),
  (215,'4032749.62','2021-05-12','15133.09',8,25),
  (216,'3307854.66','2021-08-10','5747.67',27,86),
  (217,'3037569.26','2021-04-26','6638.15',5,41),
  (218,'1924314.30','2020-08-20','23412.50',7,65),
  (219,'1610121.37','2022-01-13','24474.57',18,7),
  (220,'2636242.55','2022-03-13','21447.81',8,70),
  (221,'2380804.23','2020-12-02','22726.20',16,47),
  (222,'1961509.83','2020-07-17','9853.53',10,56),
  (223,'1380926.42','2021-03-07','12782.34',4,10),
  (224,'2151002.93','2020-11-30','15698.21',8,36),
  (225,'4637776.90','2022-03-17','23416.37',37,90),
  (226,'4757150.67','2022-08-01','16213.27',15,63),
  (227,'4860980.05','2020-09-06','9065.18',14,25),
  (228,'3430593.82','2020-06-05','20505.36',39,41),
  (229,'582117.82','2021-05-19','24359.30',29,42),
  (230,'2965337.96','2021-03-01','24458.38',29,69),
  (231,'1226030.36','2021-12-03','6551.41',23,64),
  (232,'2517394.98','2021-06-28','25626.32',4,37),
  (233,'123844.93','2022-09-04','27991.83',43,24),
  (234,'667098.51','2022-08-06','7169.31',37,62),
  (235,'2404342.23','2021-05-23','15419.27',47,74),
  (236,'4154253.91','2021-12-01','19596.75',23,42),
  (237,'3903378.38','2020-08-26','23386.89',29,40),
  (238,'3882488.52','2021-01-16','23186.31',44,93),
  (239,'3010093.08','2021-12-05','6907.32',40,87),
  (240,'2350763.75','2020-10-16','17996.14',34,38),
  (241,'975574.38','2020-10-01','11011.89',9,49),
  (242,'4262897.11','2021-05-29','27824.04',40,19),
  (243,'4315220.16','2020-06-06','18324.83',9,93),
  (244,'4716475.00','2021-11-16','16244.70',30,76),
  (245,'1644121.09','2022-06-06','5060.31',25,98),
  (246,'1623394.62','2021-05-19','6956.07',11,52),
  (247,'972423.33','2021-04-30','23430.86',6,51),
  (248,'2533769.11','2020-02-28','29355.71',47,86),
  (249,'4812073.92','2022-05-02','27788.11',10,77),
  (250,'4646550.57','2021-01-30','10182.84',32,33);
INSERT INTO LOAN (ID,AMOUNT,CREATION_DATE,INSTALLMENT,TERM,USER_LOAN)
VALUES
  (251,'347551.89','2022-02-06','27993.98',31,74),
  (252,'530139.26','2020-05-15','24335.65',36,79),
  (253,'4779396.43','2021-12-12','8477.77',48,38),
  (254,'3587741.77','2022-02-28','28322.37',17,66),
  (255,'724135.71','2021-01-12','18672.66',6,42),
  (256,'622492.11','2022-02-24','25332.64',42,38),
  (257,'3107260.30','2021-03-07','13283.95',31,22),
  (258,'2585107.82','2022-01-09','16254.54',5,55),
  (259,'2320278.87','2020-06-14','12418.31',15,22),
  (260,'2765983.09','2020-10-09','29005.04',40,40),
  (261,'3586108.95','2020-12-18','29577.28',23,59),
  (262,'4093808.61','2021-10-10','8523.71',18,37),
  (263,'2700626.64','2021-06-29','15507.22',36,38),
  (264,'1575942.41','2021-04-07','15594.11',39,97),
  (265,'1729168.21','2022-02-22','9160.89',3,23),
  (266,'4030653.03','2020-09-16','8442.42',27,16),
  (267,'197063.46','2020-01-17','12207.04',37,24),
  (268,'4859218.71','2022-01-09','23815.15',28,38),
  (269,'1109075.59','2021-05-31','20073.24',46,53),
  (270,'4108067.78','2020-02-23','20370.99',37,55),
  (271,'4553168.77','2022-08-14','15138.83',10,43),
  (272,'3365737.35','2022-05-10','8315.08',26,89),
  (273,'4859508.70','2020-09-26','18578.74',26,54),
  (274,'2539745.56','2022-02-10','14648.62',25,10),
  (275,'4167378.64','2021-06-20','20610.19',24,19),
  (276,'180496.48','2021-07-13','13211.77',47,11),
  (277,'1664361.52','2020-06-11','9836.62',28,62),
  (278,'3909192.70','2020-09-07','22589.23',35,29),
  (279,'754632.90','2021-12-26','23085.26',8,42),
  (280,'3352815.32','2022-01-25','16352.77',45,23),
  (281,'3175172.03','2022-04-21','14858.94',3,63),
  (282,'1113486.68','2021-05-12','25439.17',45,63),
  (283,'1571333.44','2020-04-22','6080.23',7,86),
  (284,'2757746.29','2021-12-05','26137.00',24,8),
  (285,'1839025.04','2022-08-01','25699.22',27,36),
  (286,'4592067.28','2020-05-04','10040.33',14,85),
  (287,'3846807.97','2021-05-11','17380.94',42,31),
  (288,'898710.41','2020-07-21','17305.98',38,35),
  (289,'3793285.01','2022-04-14','9408.61',18,92),
  (290,'4512118.94','2021-04-08','14844.03',43,81),
  (291,'847888.59','2020-12-02','28388.95',33,76),
  (292,'4633445.78','2021-08-26','29362.26',41,4),
  (293,'4650025.41','2022-05-30','26163.27',45,10),
  (294,'2508662.71','2021-08-11','24805.81',29,4),
  (295,'401269.17','2020-12-18','19633.78',30,10),
  (296,'517796.11','2020-10-03','7935.55',13,76),
  (297,'2734450.75','2021-10-26','11185.33',5,41),
  (298,'2279991.03','2022-08-27','16182.48',21,96),
  (299,'2389367.42','2021-04-17','11283.02',19,2),
  (300,'213969.07','2021-05-28','26103.48',44,33);
